{
  "day": 7,
  "task": "SAE forward pass verification",
  "model": "google/gemma-2-2b",
  "sae": "gemma-scope-2b-pt-res/layer_12/width_16k/average_l0_82",
  "avg_mse": 1515.685791015625,
  "avg_l0": 653.2144470214844,
  "avg_sparsity": 0.039869045838713646,
  "vram_gb": 3.73,
  "per_prompt": [
    {
      "prompt": "The capital of France is",
      "seq_len": 6,
      "mse": 2174.74853515625,
      "l0": 897.5,
      "sparsity": 0.054779052734375,
      "top_features": [
        2291,
        15596,
        1041,
        2620,
        4336,
        11724,
        8106,
        11306,
        5681,
        14599
      ],
      "top_values": [
        32.5714,
        31.7612,
        24.0041,
        22.2045,
        19.4383,
        18.5236,
        16.9275,
        16.0257,
        14.9956,
        14.3318
      ]
    },
    {
      "prompt": "Write a Python function to sort a list",
      "seq_len": 9,
      "mse": 1450.8310546875,
      "l0": 640.3333129882812,
      "sparsity": 0.0390828438103199,
      "top_features": [
        3069,
        15589,
        1041,
        2291,
        2620,
        7507,
        1765,
        7919,
        15392,
        11698
      ],
      "top_values": [
        37.5111,
        26.3759,
        26.288,
        23.8316,
        17.9022,
        17.6943,
        14.9754,
        13.7764,
        13.5237,
        12.5619
      ]
    },
    {
      "prompt": "The patient presents with acute chest pain",
      "seq_len": 8,
      "mse": 1631.383056640625,
      "l0": 694.75,
      "sparsity": 0.0424041748046875,
      "top_features": [
        3143,
        7541,
        4271,
        1041,
        2620,
        7507,
        15063,
        2291,
        11313,
        2487
      ],
      "top_values": [
        42.5752,
        28.1403,
        26.8103,
        26.3657,
        26.0947,
        24.0316,
        19.2483,
        18.9634,
        17.3443,
        16.8172
      ]
    },
    {
      "prompt": "Solve for x: 2x + 5 = 13",
      "seq_len": 15,
      "mse": 871.0035400390625,
      "l0": 397.6000061035156,
      "sparsity": 0.02426757849752903,
      "top_features": [
        13430,
        2620,
        8761,
        2512,
        6195,
        7750,
        3913,
        16247,
        1441,
        7541
      ],
      "top_values": [
        27.67,
        23.2067,
        23.155,
        23.0343,
        21.6951,
        21.1679,
        19.3734,
        15.5147,
        15.2259,
        15.0567
      ]
    },
    {
      "prompt": "Once upon a time in a distant galaxy",
      "seq_len": 9,
      "mse": 1450.4627685546875,
      "l0": 635.888916015625,
      "sparsity": 0.0388115793466568,
      "top_features": [
        13725,
        8806,
        1041,
        2620,
        2291,
        7507,
        11626,
        5162,
        3719,
        1322
      ],
      "top_values": [
        24.2975,
        22.8821,
        21.7855,
        21.6503,
        21.4981,
        21.2754,
        19.5506,
        19.0498,
        16.3187,
        13.7803
      ]
    }
  ]
}